{
  "c12c593a49ce7eca8cfcaf7a3dd9aee29e803e1e.png": {
    "title": "Header.png",
    "description": "CPANG18 logo",
    "tags": []
  },
  "aecabbe72bf6b22681c6455a47c69b96a2b2a0d9.png": {
    "title": "operations.png",
    "description": "learning objectives image",
    "tags": []
  },
  "2fb984b5a69352bbd95639ddde1eaa7930f7e3c8.jpg": {
    "title": "marschal.jpg",
    "description": "marschal.jpg",
    "tags": []
  },
  "922bfabceee4fdcbfd309520e3d05ec865d76aed.jpg": {
    "title": "erik-garrison.jpg",
    "description": "erik garrison",
    "tags": []
  },
  "eb9e591080a1c405a9902f237972d9e26f69e750.png": {
    "title": "CGL_Team_Pics_Jordan_Einzeinga.png",
    "description": "jordan ",
    "tags": []
  },
  "1edab2c9ff8acaa8c2dff509990e8bd689885161.png": {
    "title": "instructors_combo.png",
    "description": "instructors",
    "tags": []
  }
}