[
  {
    "title": "Course Overview",
    "displayTitle": "Course Overview",
    "body": "<p>In this section we will present a general overview of the course, to whom it is intended&nbsp;and the learning objectives designed</p>",
    "_classes": "",
    "pageBody": "",
    "linkText": "View",
    "duration": "",
    "_lockedBy": [],
    "_lockType": "",
    "_isOptional": false,
    "_isAvailable": true,
    "_isHidden": false,
    "_isVisible": true,
    "_id": "5cc04647fa31a4593f3d8214",
    "_type": "page",
    "_parentId": "course",
    "_graphic": {
      "alt": "",
      "src": "course/en/assets/c12c593a49ce7eca8cfcaf7a3dd9aee29e803e1e.png"
    },
    "_onScreen": {
      "_isEnabled": false,
      "_classes": "",
      "_percentInviewVertical": 50
    },
    "_pageLevelProgress": {
      "_isEnabled": true,
      "_showPageCompletion": true,
      "_excludeAssessments": false
    }
  }
]