{
  "title": "Computational PANGenomics",
  "displayTitle": "Computational PANGenomics",
  "body": "",
  "description": "",
  "_latestTrackingId": 5,
  "_buttons": {
    "_submit": {
      "buttonText": "Submit",
      "ariaLabel": "Submit"
    },
    "_reset": {
      "buttonText": "Reset",
      "ariaLabel": "Reset"
    },
    "_showCorrectAnswer": {
      "buttonText": "Show correct answer",
      "ariaLabel": "Show correct answer"
    },
    "_hideCorrectAnswer": {
      "buttonText": "Hide correct answer",
      "ariaLabel": "Hide correct answer"
    },
    "_showFeedback": {
      "buttonText": "Show feedback",
      "ariaLabel": "Show feedback"
    },
    "remainingAttemptsText": "remaining attempts",
    "remainingAttemptText": "final attempt",
    "disabledAriaLabel": "This button is disabled at the moment"
  },
  "_classes": "",
  "_lockType": "",
  "_id": "course",
  "_start": {
    "_isEnabled": false,
    "_startIds": [],
    "_force": false,
    "_isMenuDisabled": false
  },
  "_globals": {
    "_accessibility": {
      "accessibilityToggleTextOn": "Turn accessibility on?",
      "accessibilityToggleTextOff": "Turn accessibility off?",
      "skipNavigationText": "Skip navigation",
      "_accessibilityInstructions": {
        "touch": "Usage instructions. Use swipe left for next. Use swipe right for previous. Use a double tap to select. Use a two finger slide up to go to the top of the page.",
        "notouch": "Usage instructions. Use tab for next. Use shift tab for previous. Use enter to select. Use escape to go to the top of the page.",
        "ipad": "Usage instructions for touchscreens. Use swipe left for next. Use swipe right for previous. Use a double tap to select. Use a two finger slide up to go to the top of the page. Usage instructions for keyboard access. Use left for next. Use right for previous. Use up and down together to select."
      },
      "_ariaLabels": {
        "navigation": "Course navigation bar",
        "skipNavigation": "Skip Navigation",
        "menuLoaded": "Menu loaded",
        "page": "Page",
        "pageLoaded": "Page loaded",
        "previous": "Back",
        "navigationDrawer": "Open course resources and search",
        "drawer": "Side drawer",
        "closePopup": "Close popup",
        "next": "Next",
        "done": "Done",
        "complete": "Complete",
        "incomplete": "Incomplete",
        "correct": "Correct",
        "incorrect": "Incorrect",
        "locked": "Locked",
        "accessibilityToggleButton": "By selecting this button you can set whether accessibility is turned on or off",
        "feedbackPopUp": "Popup opened",
        "visited": "Visited",
        "menuIndicatorHeading": "Menu item heading "
      }
    },
    "_components": {
      "_text": {
        "ariaRegion": ""
      },
      "_graphic": {
        "ariaRegion": ""
      },
      "_accordion": {
        "ariaRegion": "This component is an accordion comprised of collapsible content panels containing display text. Select the item titles to toggle the visibility of these content panels."
      },
      "_narrative": {
        "ariaRegion": "This component displays an image gallery with accompanying text. Use the next and back navigation controls to work through the narrative."
      },
      "_gmcq": {
        "ariaRegion": "This is a graphical multiple choice question. Once you have selected an option, select the submit button below."
      },
      "_hotgraphic": {
        "ariaRegion": "Below is a component which allows you to select hot spots over an image. Select a hot spot to trigger a popup that includes an image with display text. Select the close button to close the popup.",
        "ariaPopupLabel": "Hotgraphic popup"
      }
    },
    "_extensions": {
      "_pageLevelProgress": {
        "pageLevelProgress": "Page sections",
        "pageLevelProgressIndicatorBar": "Progress bar. Select here to view your current progress, and select an item to navigate to it. You have completed ",
        "pageLevelProgressMenuBar": "You have completed ",
        "pageLevelProgressEnd": "You have reached the end of the list of page sections.",
        "optionalContent": "Optional Content"
      }
    }
  },
  "_type": "course",
  "_pageLevelProgress": {
    "_isEnabled": true,
    "_showPageCompletion": true
  }
}