{
  "628463923a5a3ae1b986002d126f4120cabbe58f.png": {
    "title": "Loops_TE2_For.png",
    "description": "Loops TE2 For",
    "tags": []
  },
  "4e1578bb923c52a16112bf0883e6897a35a02328.png": {
    "title": "Loops_TE_Repeat00.png",
    "description": "Loops TE Repeat00",
    "tags": []
  },
  "9705642b4ce0becf28f5898c12f0db55309b4126.png": {
    "title": "Loops_TE_While.png",
    "description": "Loops TE While",
    "tags": []
  },
  "eb77fb23e9f3da60013d882bdb70dbf820febd38.mp4": {
    "title": "loops.mp4",
    "description": "Loops video",
    "tags": []
  },
  "59ae51e91b73e11dfb28337fb263a146e5cc9820.jpg": {
    "title": "loops_frontpage.jpg",
    "description": "loops video poster",
    "tags": []
  }
}