[
  {
    "title": "Prerequisites",
    "displayTitle": "Prerequisites",
    "body": "<p>In this section, it will be assumed that you are familiar with the types of Loop Structure that can be incorporated in an Algorithm.</p>",
    "_classes": "",
    "pageBody": "",
    "linkText": "View",
    "duration": "",
    "_lockedBy": [],
    "_lockType": "",
    "_isOptional": false,
    "_isAvailable": true,
    "_isHidden": false,
    "_isVisible": true,
    "_id": "5cdece5d37b0c815bdb63395",
    "_parentId": "course",
    "_type": "page",
    "_graphic": {
      "alt": "",
      "src": ""
    },
    "_onScreen": {
      "_isEnabled": false,
      "_classes": "",
      "_percentInviewVertical": 50
    }
  },
  {
    "title": "Loops syntax in Python 3",
    "displayTitle": "Loops syntax in Python 3",
    "body": "<p>In this section we will explore the syntax patterns for the three possible types of&nbsp;<strong>Python Loops.</strong></p>",
    "_classes": "",
    "pageBody": "",
    "linkText": "View",
    "duration": "",
    "_lockedBy": [],
    "_lockType": "",
    "_isOptional": false,
    "_isAvailable": true,
    "_isHidden": false,
    "_isVisible": true,
    "_id": "5cdeddf437b0c815bdb6339c",
    "_parentId": "course",
    "_type": "page",
    "_graphic": {
      "alt": "",
      "src": ""
    },
    "_onScreen": {
      "_isEnabled": false,
      "_classes": "",
      "_percentInviewVertical": 50
    }
  },
  {
    "title": "Practical examples",
    "displayTitle": "Practical examples",
    "body": "<p>In this section we will offer some practical examples for you to try out and integrate the content covered in this module. We will offer some explanations through&nbsp;the section.</p>",
    "_classes": "",
    "pageBody": "",
    "linkText": "View",
    "duration": "",
    "_lockedBy": [],
    "_lockType": "",
    "_isOptional": false,
    "_isAvailable": true,
    "_isHidden": false,
    "_isVisible": true,
    "_id": "5cb5a05e49dc643b4d3e6b2e",
    "_parentId": "course",
    "_type": "page",
    "_graphic": {
      "alt": "Repeated Elements in Python - An Introduction",
      "src": ""
    },
    "_onScreen": {
      "_isEnabled": false,
      "_classes": "",
      "_percentInviewVertical": 50
    }
  },
  {
    "title": "Assessment time",
    "displayTitle": "Assessment time",
    "body": "<p>In this section we invite you to assess your own progress.</p><p>It is an&nbsp;opportunity for you to test your knowledge on Python Loop Structures.</p>",
    "_classes": "",
    "pageBody": "",
    "linkText": "View",
    "duration": "",
    "_lockedBy": [],
    "_lockType": "custom",
    "_isOptional": false,
    "_isAvailable": true,
    "_isHidden": false,
    "_isVisible": true,
    "_id": "5cacb1e667713f298e2bd95c",
    "_parentId": "course",
    "_type": "page",
    "_graphic": {
      "alt": "",
      "src": ""
    },
    "_onScreen": {
      "_isEnabled": false,
      "_classes": "",
      "_percentInviewVertical": 100
    }
  },
  {
    "title": "Checkpoint",
    "displayTitle": "Checkpoint",
    "body": "<p>In this section we sum-up the issues&nbsp;that were covered and reinforced throughout this&nbsp;module.</p>",
    "_classes": "",
    "pageBody": "",
    "linkText": "View",
    "duration": "",
    "_lockedBy": [],
    "_lockType": "",
    "_isOptional": false,
    "_isAvailable": true,
    "_isHidden": false,
    "_isVisible": true,
    "_id": "5cdee48937b0c815bdb633a0",
    "_parentId": "course",
    "_type": "page",
    "_graphic": {
      "alt": "",
      "src": ""
    },
    "_onScreen": {
      "_isEnabled": false,
      "_classes": "",
      "_percentInviewVertical": 50
    }
  }
]