[
  {
    "title": "Data Capture",
    "displayTitle": "Data Capture",
    "body": "",
    "_classes": "",
    "pageBody": "",
    "linkText": "View",
    "duration": "",
    "_lockedBy": [],
    "_lockType": "",
    "_isOptional": false,
    "_isAvailable": true,
    "_isHidden": false,
    "_isVisible": true,
    "_id": "5ccc5f53459ad90944b13191",
    "_parentId": "course",
    "_type": "menu",
    "_graphic": {
      "alt": "",
      "src": ""
    },
    "_onScreen": {
      "_isEnabled": false,
      "_classes": "",
      "_percentInviewVertical": 50
    }
  },
  {
    "title": "Introduction",
    "displayTitle": "Introduction",
    "body": "",
    "_classes": "",
    "pageBody": "<p><em>Explaining the concepts concerning data acquisition.</em></p><p><em>Namely:</em></p><p><em>1. Digitize your data</em></p><p><em>2. Tidy-up Your Data</em></p>",
    "linkText": "View",
    "duration": "",
    "_lockedBy": [],
    "_lockType": "",
    "_isOptional": false,
    "_isAvailable": true,
    "_isHidden": false,
    "_isVisible": true,
    "_id": "5ccc5f53459ad90944b13192",
    "_parentId": "5ccc5f53459ad90944b13191",
    "_type": "page",
    "_graphic": {
      "alt": "",
      "src": ""
    },
    "_onScreen": {
      "_isEnabled": false,
      "_classes": "",
      "_percentInviewVertical": 50
    }
  },
  {
    "title": "Introduction",
    "displayTitle": "Introduction",
    "body": "",
    "_classes": "",
    "pageBody": "",
    "linkText": "View",
    "duration": "",
    "_lockedBy": [],
    "_lockType": "",
    "_isOptional": false,
    "_isAvailable": true,
    "_isHidden": false,
    "_isVisible": true,
    "_id": "5ccc6137459ad90944b131b9",
    "_parentId": "5ccc6120459ad90944b131b8",
    "_type": "page",
    "_graphic": {
      "alt": "",
      "src": ""
    },
    "_onScreen": {
      "_isEnabled": false,
      "_classes": "",
      "_percentInviewVertical": 50
    }
  },
  {
    "title": "Assessment time",
    "displayTitle": "Assessment time",
    "body": "",
    "_classes": "",
    "pageBody": "",
    "linkText": "View",
    "duration": "",
    "_lockedBy": [],
    "_lockType": "",
    "_isOptional": false,
    "_isAvailable": true,
    "_isHidden": false,
    "_isVisible": true,
    "_id": "5ccc5f53459ad90944b13193",
    "_parentId": "5ccc5f53459ad90944b13191",
    "_type": "page",
    "_graphic": {
      "alt": "",
      "src": ""
    },
    "_onScreen": {
      "_isEnabled": false,
      "_classes": "",
      "_percentInviewVertical": 50
    }
  },
  {
    "title": "Metadata",
    "displayTitle": "Metadata",
    "body": "",
    "_classes": "",
    "pageBody": "",
    "linkText": "View",
    "duration": "",
    "_lockedBy": [],
    "_lockType": "",
    "_isOptional": false,
    "_isAvailable": true,
    "_isHidden": false,
    "_isVisible": true,
    "_id": "5ccc6120459ad90944b131b8",
    "_parentId": "course",
    "_type": "menu",
    "_graphic": {
      "alt": "",
      "src": ""
    },
    "_onScreen": {
      "_isEnabled": false,
      "_classes": "",
      "_percentInviewVertical": 50
    }
  },
  {
    "title": "Assessment time",
    "displayTitle": "Assessment time",
    "body": "",
    "_classes": "",
    "pageBody": "",
    "linkText": "View",
    "duration": "",
    "_lockedBy": [],
    "_lockType": "",
    "_isOptional": false,
    "_isAvailable": true,
    "_isHidden": false,
    "_isVisible": true,
    "_id": "5ccc65bc459ad90944b131ce",
    "_parentId": "5ccc6120459ad90944b131b8",
    "_type": "page",
    "_graphic": {
      "alt": "",
      "src": ""
    },
    "_onScreen": {
      "_isEnabled": false,
      "_classes": "",
      "_percentInviewVertical": 50
    }
  }
]