{
  "5207b012cc2cc877917ea7aa3b5a62fde3c1e901.png": {
    "title": "IntroFig.png",
    "description": "PDA19 Image",
    "tags": []
  },
  "b848be3502e44b6edb8b846bfd4c9c910ea8d573.jpg": {
    "title": "Lennart_Martens.jpg",
    "description": "Instructor1",
    "tags": []
  },
  "22481092f43a1a57a18096463220d20a151ff516.png": {
    "title": "Harald_Barsnes_2017.png",
    "description": "PDA19 Instructor2",
    "tags": []
  },
  "0e485b099294af46be5fc86d49da1484ec8a2236.png": {
    "title": "Lieven_Clement.png",
    "description": "PDA19 Instructor3",
    "tags": []
  },
  "671827329f2c804ce3b684e02506ea341e643281.png": {
    "title": "instructors_combo.png",
    "description": "instructors image",
    "tags": []
  }
}