[
  {
    "title": "Course Overview",
    "displayTitle": "Course Overview",
    "body": "<p>In this section we will present the overview information about the present course including its description, to whom it is targeted and the prerequisites that should be met.</p>",
    "_classes": "",
    "pageBody": "",
    "linkText": "View",
    "duration": "",
    "_lockedBy": [],
    "_lockType": "",
    "_isOptional": false,
    "_isAvailable": true,
    "_isHidden": false,
    "_isVisible": true,
    "_id": "5cc6f17ea34e020c1b846635",
    "_type": "page",
    "_parentId": "course",
    "_graphic": {
      "alt": "",
      "src": "course/en/assets/5207b012cc2cc877917ea7aa3b5a62fde3c1e901.png"
    },
    "_onScreen": {
      "_isEnabled": false,
      "_classes": "",
      "_percentInviewVertical": 50
    },
    "_pageLevelProgress": {
      "_isEnabled": true,
      "_showPageCompletion": true,
      "_excludeAssessments": false
    }
  }
]