{
  "title": "Proteomics Data Analysis",
  "displayTitle": "Proteomics Data Analysis",
  "body": "",
  "description": "",
  "_latestTrackingId": 4,
  "_buttons": {
    "_submit": {
      "buttonText": "Submit",
      "ariaLabel": "Submit"
    },
    "_reset": {
      "buttonText": "Reset",
      "ariaLabel": "Reset"
    },
    "_showCorrectAnswer": {
      "buttonText": "Show correct answer",
      "ariaLabel": "Show correct answer"
    },
    "_hideCorrectAnswer": {
      "buttonText": "Hide correct answer",
      "ariaLabel": "Hide correct answer"
    },
    "_showFeedback": {
      "buttonText": "Show feedback",
      "ariaLabel": "Show feedback"
    },
    "remainingAttemptsText": "remaining attempts",
    "remainingAttemptText": "final attempt",
    "disabledAriaLabel": "This button is disabled at the moment"
  },
  "_classes": "",
  "_lockType": "",
  "_id": "course",
  "_start": {
    "_isEnabled": false,
    "_startIds": [],
    "_force": false,
    "_isMenuDisabled": false
  },
  "_globals": {
    "_accessibility": {
      "accessibilityToggleTextOn": "Turn accessibility on?",
      "accessibilityToggleTextOff": "Turn accessibility off?",
      "skipNavigationText": "Skip navigation",
      "_accessibilityInstructions": {
        "touch": "Usage instructions. Use swipe left for next. Use swipe right for previous. Use a double tap to select. Use a two finger slide up to go to the top of the page.",
        "notouch": "Usage instructions. Use tab for next. Use shift tab for previous. Use enter to select. Use escape to go to the top of the page.",
        "ipad": "Usage instructions for touchscreens. Use swipe left for next. Use swipe right for previous. Use a double tap to select. Use a two finger slide up to go to the top of the page. Usage instructions for keyboard access. Use left for next. Use right for previous. Use up and down together to select."
      },
      "_ariaLabels": {
        "navigation": "Course navigation bar",
        "skipNavigation": "Skip Navigation",
        "menuLoaded": "Menu loaded",
        "page": "Page",
        "pageLoaded": "Page loaded",
        "previous": "Back",
        "navigationDrawer": "Open course resources and search",
        "drawer": "Side drawer",
        "closePopup": "Close popup",
        "next": "Next",
        "done": "Done",
        "complete": "Complete",
        "incomplete": "Incomplete",
        "correct": "Correct",
        "incorrect": "Incorrect",
        "locked": "Locked",
        "accessibilityToggleButton": "By selecting this button you can set whether accessibility is turned on or off",
        "feedbackPopUp": "Popup opened",
        "visited": "Visited",
        "menuIndicatorHeading": "Menu item heading "
      }
    },
    "_components": {
      "_text": {
        "ariaRegion": ""
      },
      "_hotgraphic": {
        "ariaRegion": "Below is a component which allows you to select hot spots over an image. Select a hot spot to trigger a popup that includes an image with display text. Select the close button to close the popup.",
        "ariaPopupLabel": "Hotgraphic popup"
      }
    },
    "_extensions": {
      "_pageLevelProgress": {
        "pageLevelProgress": "Page sections",
        "pageLevelProgressIndicatorBar": "Progress bar. Select here to view your current progress, and select an item to navigate to it. You have completed ",
        "pageLevelProgressMenuBar": "You have completed ",
        "pageLevelProgressEnd": "You have reached the end of the list of page sections.",
        "optionalContent": "Optional Content"
      },
      "_resources": {
        "resources": "Additional resources."
      }
    }
  },
  "_type": "course",
  "_pageLevelProgress": {
    "_isEnabled": true,
    "_showPageCompletion": true
  },
  "_resources": {
    "_isEnabled": true,
    "_drawerOrder": 0,
    "title": "Resources",
    "description": "Click here to view resources for this course",
    "_filterButtons": {
      "all": "All",
      "document": "Documents",
      "media": "Media",
      "link": "Links"
    },
    "_filterAria": {
      "allAria": "View all resources",
      "documentAria": "View document resources",
      "mediaAria": "View media resources",
      "linkAria": "View resource links"
    },
    "_resourcesItems": []
  }
}